upd,age,name,qa,env,region,svc,acct,app,rules,crit,major,chans,created
2026-08-10,0,[sFx-SRE-PROD-EUC-EC2-555031161167]-IBI-Server,False,PROD,EUC,EC2,555031161167,IBI-Server,7,3,4,ServiceNow,2026-08-10
2026-08-10,0,[sFx-SRE-PREPROD-USW-EC2-159310808016]-IBI-Server,False,PREPROD,USW,EC2,159310808016,IBI-Server,7,3,4,ServiceNow,2026-08-10
2026-08-10,0,[sFx-SRE-PROD-USW-EC2-159310808016]-IBI-Server,False,PROD,USW,EC2,159310808016,IBI-Server,7,3,4,ServiceNow,2026-08-10
2026-08-10,0,[QA-sFx-SRE-EUC-PROD-AWS/Kafka-460147993799]-TimeSeries-Kafka,True,EUC,PROD,AWS/Kafka,460147993799,TimeSeries-Kafka,8,1,7,ServiceNow,2026-08-10
2026-08-10,0,[QA-sFx-SRE-PROD-USW-AWS/Kafka-399957848812]-TimeSeries-Kafka,True,PROD,USW,AWS/Kafka,399957848812,TimeSeries-Kafka,8,1,7,ServiceNow,2026-08-10
2026-08-10,0,[QA-sFx-SRE-PROD-EUC-EC2-555031161167]-IBI-Server,True,PROD,EUC,EC2,555031161167,IBI-Server,7,3,4,ServiceNow,2026-08-10
2026-08-10,0,[QA-sFx-SRE-PREPROD-USW-EC2-159310808016]-IBI-Server,True,PREPROD,USW,EC2,159310808016,IBI-Server,7,3,4,ServiceNow,2026-08-10
2026-08-10,0,[QA-sFx-SRE-PROD-USW-EC2-159310808016]-IBI-Server,True,PROD,USW,EC2,159310808016,IBI-Server,7,3,4,ServiceNow,2026-08-10
2026-08-10,0,[QA-sFx-SRE-PROD-USW-AWS/Cassandra-399957848812]-TimeSeries-Keyspace,True,PROD,USW,AWS/Cassandra,399957848812,TimeSeries-Keyspace,16,6,10,ServiceNow,2026-08-10
2026-08-10,0,[QA-sFx-SRE-EUC-PROD-AWS/Cassandra-460147993799]-TimeSeries-Keyspace,True,EUC,PROD,AWS/Cassandra,460147993799,TimeSeries-Keyspace,16,6,10,ServiceNow,2026-08-10
2026-08-10,0,[QA-sFx-SRE-PROD-USW-AWS/AmazonMQ-159310808016]-APM-M,True,PROD,USW,AWS/AmazonMQ,159310808016,APM-M,21,3,18,ServiceNow,2026-03-12
2026-08-09,1,[QA-sFx-SRE-PREPROD-USW-AWS/AmazonMQ-159310808016]-APM-M,True,PREPROD,USW,AWS/AmazonMQ,159310808016,APM-M,16,3,13,ServiceNow,2025-11-04
2026-08-09,1,[QA-sFx-SRE-PROD-USW-AWS/AmazonMQ-159310808016]-APM-P,True,PROD,USW,AWS/AmazonMQ,159310808016,APM-P,29,7,22,ServiceNow,2025-11-04
2026-08-09,1,[QA-sFx-SRE-PREPROD-USW-AWS/AmazonMQ-159310808016]-APM-P,True,PREPROD,USW,AWS/AmazonMQ,159310808016,APM-P,29,7,22,ServiceNow,2025-11-04
2026-08-09,1,[QA-sFx-SRE-PROD-EUC-AWS/AmazonMQ-756641539810]-EdgeManager,True,PROD,EUC,AWS/AmazonMQ,756641539810,EdgeManager,16,4,12,ServiceNow,2025-11-04
2026-08-09,1,[QA-sFx-SRE-PROD-EUC-AWS/AmazonMQ-756641539810]-PAF,True,PROD,EUC,AWS/AmazonMQ,756641539810,PAF,16,4,12,ServiceNow,2026-03-20
2026-08-09,1,[QA-sFx-SRE-PROD-USW-AWS/AmazonMQ-816857971392]-EdgeManager,True,PROD,USW,AWS/AmazonMQ,816857971392,EdgeManager,16,4,12,ServiceNow,2025-11-04
2026-08-07,3,[QA-sFx-SRE-PROD-EUC-AWS/AmazonMQ-555031161167]-APM-P,True,PROD,EUC,AWS/AmazonMQ,555031161167,APM-P,29,7,22,ServiceNow,2025-11-04
2026-08-07,3,[QA-sFx-SRE-PROD-USW-AWS/ApplicationELB-159310808016]-APM (Clone),True,PROD,USW,AWS/ApplicationELB,159310808016,APM (Clone),1,0,1,ServiceNow,2026-08-07
2026-08-07,3,[sFx-SRE-PROD-USW-AWS/ApplicationELB-159310808016]-APM (Clone)-test,False,PROD,USW,AWS/ApplicationELB,159310808016,APM (Clone)-test,2,0,2,ServiceNow,2026-08-07
2026-08-07,3,[QA-sFx-SRE-PROD-USW-AWS/ApplicationELB-159310808016]-APM,True,PROD,USW,AWS/ApplicationELB,159310808016,APM,2,0,2,ServiceNow,2025-11-04
2026-07-28,13,[sFx-SRE-PROD-USW-K8Services-159310808016]-APM-P,False,PROD,USW,K8Services,159310808016,APM-P,11,5,6,ServiceNow,2026-02-10
2026-07-28,13,[QA-sFx-SRE-PROD-USW-K8Services-159310808016]-APM-P,True,PROD,USW,K8Services,159310808016,APM-P,11,5,6,ServiceNow,2025-11-18
2026-07-27,14,[sFx-SRE-PROD-USW-AWS/ApplicationELB-159310808016]-APM,False,PROD,USW,AWS/ApplicationELB,159310808016,APM,4,2,2,ServiceNow,2026-02-12
2026-07-21,20,[sFx-SRE-PROD-USW-AWS/ElastiCache-159310808016]-APM-P,False,PROD,USW,AWS/ElastiCache,159310808016,APM-P,4,0,4,ServiceNow,2026-02-11
2026-07-21,20,[QA-sFx-SRE-PROD-USW-AWS/ElastiCache-159310808016]-APM-P,True,PROD,USW,AWS/ElastiCache,159310808016,APM-P,4,0,4,ServiceNow,2025-11-04
2026-07-06,35,[QA-sFx-SRE-PROD-EUC-AWS/ApplicationELB-756641539810]-EdgeManager,True,PROD,EUC,AWS/ApplicationELB,756641539810,EdgeManager,2,1,1,ServiceNow,2025-11-04
2026-07-06,35,[QA-sFx-SRE-PROD-EUC-AWS/ApplicationELB-756641539810]-PAF,True,PROD,EUC,AWS/ApplicationELB,756641539810,PAF,2,1,1,ServiceNow,2025-11-04
2026-07-06,35,[QA-sFx-SRE-PROD-USW-AWS/ApplicationELB-816857971392]-APPHUB,True,PROD,USW,AWS/ApplicationELB,816857971392,APPHUB,2,1,1,ServiceNow,2026-04-01
2026-07-06,35,[QA-sFx-SRE-PROD-USW-AWS/ApplicationELB-891377170567]-SmartSignal,True,PROD,USW,AWS/ApplicationELB,891377170567,SmartSignal,2,1,1,ServiceNow,2025-11-04
2026-07-06,35,[QA-sFx-SRE-PROD-EUC-AWS/ApplicationELB-756641539810]-UOM,True,PROD,EUC,AWS/ApplicationELB,756641539810,UOM,2,1,1,ServiceNow,2025-11-04
2026-07-06,35,[QA-sFx-SRE-PREPROD-USW-AWS/ApplicationELB-816857971392]-APPHUB,True,PREPROD,USW,AWS/ApplicationELB,816857971392,APPHUB,2,1,1,ServiceNow,2026-04-01
2026-07-06,35,[QA-sFx-SRE-PROD-EUC-AWS/ApplicationELB-975050297255]-SmartSignal,True,PROD,EUC,AWS/ApplicationELB,975050297255,SmartSignal,2,1,1,ServiceNow,2025-11-04
2026-07-06,35,[QA-sFx-SRE-PROD-EUC-AWS/ApplicationELB-555031161167]-APM,True,PROD,EUC,AWS/ApplicationELB,555031161167,APM,2,1,1,ServiceNow,2025-11-04
2026-07-06,35,[QA-sFx-SRE-PROD-EUC-AWS/ApplicationELB-381492194144]-Audit,True,PROD,EUC,AWS/ApplicationELB,381492194144,Audit,2,1,1,ServiceNow,2025-11-04
2026-07-06,35,[QA-sFx-SRE-PROD-EUC-AWS/ApplicationELB-381492194144]-IAM,True,PROD,EUC,AWS/ApplicationELB,381492194144,IAM,2,1,1,ServiceNow,2025-11-04
2026-07-06,35,[QA-sFx-SRE-PROD-USW-AWS/ApplicationELB-700916857240]-Audit,True,PROD,USW,AWS/ApplicationELB,700916857240,Audit,2,1,1,ServiceNow,2025-11-04
2026-07-06,35,[QA-sFx-SRE-PROD-USW-AWS/ApplicationELB-700916857240]-TMS,True,PROD,USW,AWS/ApplicationELB,700916857240,TMS,2,1,1,ServiceNow,2025-11-04
2026-07-06,35,[QA-sFx-SRE-PROD-USW-AWS/ApplicationELB-700916857240]-IAM,True,PROD,USW,AWS/ApplicationELB,700916857240,IAM,2,1,1,ServiceNow,2025-11-04
2026-07-06,35,[QA-sFx-SRE-PROD-EUC-AWS/ApplicationELB-381492194144]-TMS,True,PROD,EUC,AWS/ApplicationELB,381492194144,TMS,2,1,1,ServiceNow,2025-11-04
2026-07-06,35,[QA-sFx-SRE-PREPROD-USW-AWS/ApplicationELB-891377170567]-SmartSignal,True,PREPROD,USW,AWS/ApplicationELB,891377170567,SmartSignal,2,1,1,ServiceNow,2025-11-04
2026-07-06,35,[QA-sFx-SRE-PROD-EUC-AWS/ApplicationELB-756641539810]-APPHUB,True,PROD,EUC,AWS/ApplicationELB,756641539810,APPHUB,2,1,1,ServiceNow,2026-04-01
2026-07-06,35,[QA-sFx-SRE-PREPROD-USW-AWS/ApplicationELB-159310808016]-APM,True,PREPROD,USW,AWS/ApplicationELB,159310808016,APM,2,1,1,ServiceNow,2025-11-04
2026-07-06,35,[QA-sFx-SRE-PROD-USW-AWS/ApplicationELB-816857971392]-PAF,True,PROD,USW,AWS/ApplicationELB,816857971392,PAF,2,1,1,ServiceNow,2025-11-04
2026-07-06,35,[QA-sFx-SRE-PROD-USW-AWS/ApplicationELB-816857971392]-EdgeManager,True,PROD,USW,AWS/ApplicationELB,816857971392,EdgeManager,2,1,1,ServiceNow,2025-11-04
2026-07-06,35,[QA-sFx-SRE-PROD-EUC-AWS/ApplicationELB-460147993799]-TimeSeries,True,PROD,EUC,AWS/ApplicationELB,460147993799,TimeSeries,2,1,1,ServiceNow,2025-11-04
2026-07-06,35,[QA-sFx-SRE-PROD-USW-AWS/ApplicationELB-816857971392]-UOM,True,PROD,USW,AWS/ApplicationELB,816857971392,UOM,2,1,1,ServiceNow,2025-11-04
2026-07-06,35,[QA-sFx-SRE-PROD-USW-AWS/ApplicationELB-399957848812]-TimeSeries,True,PROD,USW,AWS/ApplicationELB,399957848812,TimeSeries,2,1,1,ServiceNow,2025-11-04
2026-07-05,36,[QA-sFx-SRE-PROD-EUC-AWS/RDS-555031161167]-Collaboration,True,PROD,EUC,AWS/RDS,555031161167,Collaboration,17,6,11,ServiceNow,2025-11-04
2026-07-05,36,[QA-sFx-SRE-PROD-EUC-AWS/RDS-975050297255]-SmartSignal,True,PROD,EUC,AWS/RDS,975050297255,SmartSignal,15,5,10,ServiceNow,2025-11-04
2026-07-05,36,[QA-sFx-SRE-PREPROD-USW-AWS/RDS-891377170567]-SmartSignal,True,PREPROD,USW,AWS/RDS,891377170567,SmartSignal,15,5,10,ServiceNow,2025-11-04
2026-07-05,36,[QA-sFx-SRE-PROD-USW-AWS/RDS-816857971392]-APPHUB,True,PROD,USW,AWS/RDS,816857971392,APPHUB,15,5,10,ServiceNow,2025-11-04
2026-07-05,36,[QA-sFx-SRE-PREPROD-USW-AWS/RDS-159310808016]-CAF,True,PREPROD,USW,AWS/RDS,159310808016,CAF,17,6,11,ServiceNow,2025-11-04
2026-07-05,36,[QA-sFx-SRE-PROD-USW-AWS/RDS-007826922078]-APM-Connect,True,PROD,USW,AWS/RDS,007826922078,APM-Connect,15,5,10,ServiceNow,2025-11-04
2026-07-05,36,[QA-sFx-SRE-PROD-USW-AWS/RDS-816857971392]-DCS,True,PROD,USW,AWS/RDS,816857971392,DCS,15,5,10,ServiceNow,2025-11-04
2026-07-05,36,[QA-sFx-SRE-PREPROD-USW-AWS/RDS-159310808016]-Analysis,True,PREPROD,USW,AWS/RDS,159310808016,Analysis,17,6,11,ServiceNow,2025-11-04
2026-07-05,36,[QA-sFx-SRE-PROD-USW-AWS/RDS-159310808016]-Collaboration,True,PROD,USW,AWS/RDS,159310808016,Collaboration,17,6,11,ServiceNow,2025-11-04
2026-07-05,36,[QA-sFx-SRE-PROD-EUC-AWS/RDS-756641539810]-APPHUB,True,PROD,EUC,AWS/RDS,756641539810,APPHUB,15,5,10,ServiceNow,2025-11-04
2026-07-05,36,[QA-sFx-SRE-PROD-USW-AWS/RDS-700916857240]-ZAC,True,PROD,USW,AWS/RDS,700916857240,ZAC,15,5,10,ServiceNow,2025-11-04
2026-07-05,36,[QA-sFx-SRE-PROD-EUC-AWS/RDS-555031161167]-Templates,True,PROD,EUC,AWS/RDS,555031161167,Templates,17,6,11,ServiceNow,2025-11-04
2026-07-05,36,[QA-sFx-SRE-PREPROD-USW-AWS/RDS-159310808016]-GEDA,True,PREPROD,USW,AWS/RDS,159310808016,GEDA,17,6,11,ServiceNow,2025-11-04
2026-07-05,36,[QA-sFx-SRE-PROD-EUC-AWS/RDS-315316151208]-APM-Connect,True,PROD,EUC,AWS/RDS,315316151208,APM-Connect,15,5,10,ServiceNow,2025-11-04
2026-07-05,36,[QA-sFx-SRE-PROD-USW-AWS/RDS-159310808016]-CAF,True,PROD,USW,AWS/RDS,159310808016,CAF,17,6,11,ServiceNow,2025-11-04
2026-07-05,36,[QA-sFx-SRE-PROD-USW-AWS/RDS-700916857240]-ACS,True,PROD,USW,AWS/RDS,700916857240,ACS,15,5,10,ServiceNow,2025-11-04
2026-07-05,36,[QA-sFx-SRE-PROD-USW-AWS/RDS-159310808016]-Adv_Visualization,True,PROD,USW,AWS/RDS,159310808016,Adv_Visualization,17,6,11,ServiceNow,2025-11-04
2026-07-05,36,[QA-sFx-SRE-PREPROD-USW-AWS/RDS-159310808016]-Cases,True,PREPROD,USW,AWS/RDS,159310808016,Cases,17,6,11,ServiceNow,2025-11-04
2026-07-05,36,[QA-sFx-SRE-PROD-USW-AWS/RDS-159310808016]-Cases,True,PROD,USW,AWS/RDS,159310808016,Cases,17,6,11,ServiceNow,2025-11-04
2026-07-05,36,[QA-sFx-SRE-PROD-EUC-AWS/RDS-555031161167]-Cases,True,PROD,EUC,AWS/RDS,555031161167,Cases,17,6,11,ServiceNow,2025-11-04
2026-07-05,36,[QA-sFx-SRE-PROD-EUC-AWS/RDS-756641539810]-DCS,True,PROD,EUC,AWS/RDS,756641539810,DCS,15,5,10,ServiceNow,2025-11-04
2026-07-05,36,[QA-sFx-SRE-PROD-EUC-AWS/RDS-381492194144]-UAA,True,PROD,EUC,AWS/RDS,381492194144,UAA,15,5,10,ServiceNow,2025-11-04
2026-07-05,36,[QA-sFx-SRE-PREPROD-USW-AWS/RDS-007826922078]-APM-Connect,True,PREPROD,USW,AWS/RDS,007826922078,APM-Connect,15,5,10,ServiceNow,2025-11-04
2026-07-05,36,[QA-sFx-SRE-PROD-EUC-AWS/RDS-756641539810]-EdgeManager,True,PROD,EUC,AWS/RDS,756641539810,EdgeManager,15,5,10,ServiceNow,2025-11-04
2026-07-05,36,[QA-sFx-SRE-PROD-EUC-AWS/RDS-555031161167]-Analysis,True,PROD,EUC,AWS/RDS,555031161167,Analysis,17,6,11,ServiceNow,2025-11-04
2026-07-05,36,[QA-sFx-SRE-PROD-USW-AWS/RDS-159310808016]-Templates,True,PROD,USW,AWS/RDS,159310808016,Templates,17,6,11,ServiceNow,2025-11-04
2026-07-05,36,[QA-sFx-SRE-PREPROD-USW-AWS/RDS-159310808016]-Adv_Visualization,True,PREPROD,USW,AWS/RDS,159310808016,Adv_Visualization,17,6,11,ServiceNow,2025-11-04
2026-07-05,36,[QA-sFx-SRE-PREPROD-USW-AWS/RDS-159310808016]-Templates,True,PREPROD,USW,AWS/RDS,159310808016,Templates,17,6,11,ServiceNow,2025-11-04
2026-07-05,36,[QA-sFx-SRE-PROD-USW-AWS/RDS-700916857240]-UAA,True,PROD,USW,AWS/RDS,700916857240,UAA,15,5,10,ServiceNow,2025-11-04
2026-07-05,36,[QA-sFx-SRE-PROD-USW-AWS/RDS-159310808016]-GEDA,True,PROD,USW,AWS/RDS,159310808016,GEDA,17,6,11,ServiceNow,2025-11-04
2026-07-05,36,[QA-sFx-SRE-PROD-EUC-AWS/RDS-555031161167]-GEDA,True,PROD,EUC,AWS/RDS,555031161167,GEDA,17,6,11,ServiceNow,2025-11-04
2026-07-05,36,[QA-sFx-SRE-PREPROD-USW-AWS/RDS-159310808016]-Alerts,True,PREPROD,USW,AWS/RDS,159310808016,Alerts,17,6,11,ServiceNow,2025-11-04
2026-07-05,36,[QA-sFx-SRE-PROD-EUC-AWS/RDS-381492194144]-ZAC,True,PROD,EUC,AWS/RDS,381492194144,ZAC,15,5,10,ServiceNow,2025-11-04
2026-07-05,36,[QA-sFx-SRE-PROD-EUC-AWS/RDS-555031161167]-CAF,True,PROD,EUC,AWS/RDS,555031161167,CAF,17,6,11,ServiceNow,2025-11-04
2026-07-05,36,[QA-sFx-SRE-PROD-EUC-AWS/RDS-555031161167]-Alerts,True,PROD,EUC,AWS/RDS,555031161167,Alerts,17,6,11,ServiceNow,2025-11-04
2026-07-05,36,[QA-sFx-SRE-PREPROD-USW-AWS/RDS-159310808016]-Collaboration,True,PREPROD,USW,AWS/RDS,159310808016,Collaboration,17,6,11,ServiceNow,2025-11-04
2026-07-05,36,[QA-sFx-SRE-PROD-USW-AWS/RDS-700916857240]-TMS,True,PROD,USW,AWS/RDS,700916857240,TMS,17,6,11,ServiceNow,2025-11-04
2026-07-05,36,[QA-sFx-SRE-PROD-USW-AWS/RDS-891377170567]-SmartSignal,True,PROD,USW,AWS/RDS,891377170567,SmartSignal,15,5,10,ServiceNow,2025-11-04
2026-07-05,36,[QA-sFx-SRE-PROD-EUC-AWS/RDS-381492194144]-ACS,True,PROD,EUC,AWS/RDS,381492194144,ACS,15,5,10,ServiceNow,2025-11-04
2026-07-05,36,[QA-sFx-SRE-PROD-USW-AWS/RDS-159310808016]-Alerts,True,PROD,USW,AWS/RDS,159310808016,Alerts,17,6,11,ServiceNow,2025-11-04
2026-07-05,36,[QA-sFx-SRE-PROD-EUC-AWS/RDS-555031161167]-Adv_Visualization,True,PROD,EUC,AWS/RDS,555031161167,Adv_Visualization,17,6,11,ServiceNow,2025-11-04
2026-07-05,36,[QA-sFx-SRE-PROD-USW-AWS/RDS-159310808016]-Analysis,True,PROD,USW,AWS/RDS,159310808016,Analysis,17,6,11,ServiceNow,2025-11-04
2026-07-05,36,[QA-sFx-SRE-PROD-EUC-AWS/RDS-381492194144]-TMS,True,PROD,EUC,AWS/RDS,381492194144,TMS,17,6,11,ServiceNow,2025-11-04
2026-06-22,49,[QA-sFx-SRE-PREPROD-USW-AWS/AmazonMQ-891377170567]-SmartSignal,True,PREPROD,USW,AWS/AmazonMQ,891377170567,SmartSignal,25,7,18,ServiceNow,2025-11-04
2026-06-22,49,[QA-sFx-SRE-PROD-USW-AWS/AmazonMQ-891377170567]-SmartSignal,True,PROD,USW,AWS/AmazonMQ,891377170567,SmartSignal,25,7,18,ServiceNow,2025-11-04
2026-06-22,49,[QA-sFx-SRE-PROD-USW-AWS/AmazonMQ-816857971392]-PAF,True,PROD,USW,AWS/AmazonMQ,816857971392,PAF,12,1,11,ServiceNow,2025-11-04
2026-06-22,49,[QA-sFx-SRE-PROD-EUC-AWS/AmazonMQ-975050297255]-SmartSignal,True,PROD,EUC,AWS/AmazonMQ,975050297255,SmartSignal,25,7,18,ServiceNow,2025-11-04
2026-06-22,49,[QA-sFx-SRE-PROD-EUC-AWS/AmazonMQ-555031161167]-APM-M,True,PROD,EUC,AWS/AmazonMQ,555031161167,APM-M,19,3,16,ServiceNow,2026-02-14
2026-06-22,49,[QA-sFx-SRE-PROD-USW-K8Services-816857971392]-UOM,True,PROD,USW,K8Services,816857971392,UOM,10,2,8,ServiceNow,2025-11-04
2026-06-22,49,[QA-sFx-SRE-PROD-USW-K8Services-700916857240]-IAM,True,PROD,USW,K8Services,700916857240,IAM,10,2,8,ServiceNow,2025-11-04
2026-06-22,49,[QA-sFx-SRE-PROD-USW-K8Services-159310808016]-APM-M,True,PROD,USW,K8Services,159310808016,APM-M,12,3,9,ServiceNow,2025-11-04
2026-06-22,49,[QA-sFx-SRE-PROD-EUC-K8Services-975050297255]-SmartSignal-Tenant,True,PROD,EUC,K8Services,975050297255,SmartSignal-Tenant,2,0,2,ServiceNow,2025-11-04
2026-06-22,49,[QA-sFx-SRE-PROD-EUC-K8Services-460147993799]-TimeSeries,True,PROD,EUC,K8Services,460147993799,TimeSeries,10,2,8,ServiceNow,2025-11-04
2026-06-22,49,[QA-sFx-SRE-PROD-USW-K8Services-700916857240]-Audit,True,PROD,USW,K8Services,700916857240,Audit,10,3,7,ServiceNow,2025-11-04
2026-06-22,49,[QA-sFx-SRE-PROD-USW-K8Services-816857971392]-APPHUB,True,PROD,USW,K8Services,816857971392,APPHUB,10,2,8,ServiceNow,2025-11-18
2026-06-22,49,[QA-sFx-SRE-PROD-EUC-K8Services-555031161167]-APM-M,True,PROD,EUC,K8Services,555031161167,APM-M,12,3,9,ServiceNow,2025-11-04
2026-06-22,49,[QA-sFx-SRE-PROD-EUC-K8Services-756641539810]-PAF,True,PROD,EUC,K8Services,756641539810,PAF,10,2,8,ServiceNow,2025-11-04
2026-06-22,49,[QA-sFx-SRE-PREPROD-USW-K8Services-159310808016]-APM-P,True,PREPROD,USW,K8Services,159310808016,APM-P,11,3,8,ServiceNow,2025-11-04
2026-06-22,49,[QA-sFx-SRE-PROD-EUC-K8Services-381492194144]-Audit,True,PROD,EUC,K8Services,381492194144,Audit,10,3,7,ServiceNow,2025-11-04
2026-06-22,49,[QA-sFx-SRE-PREPROD-USW-K8Services-159310808016]-CAF,True,PREPROD,USW,K8Services,159310808016,CAF,10,3,7,ServiceNow,2025-11-04
2026-06-22,49,[QA-sFx-SRE-PROD-USW-K8Services-816857971392]-PAF,True,PROD,USW,K8Services,816857971392,PAF,10,2,8,ServiceNow,2025-11-04
2026-06-22,49,[QA-sFx-SRE-PROD-EUC-K8Services-555031161167]-CAF,True,PROD,EUC,K8Services,555031161167,CAF,10,2,8,ServiceNow,2025-11-04
2026-06-22,49,[QA-sFx-SRE-PROD-EUC-K8Services-756641539810]-EdgeManager,True,PROD,EUC,K8Services,756641539810,EdgeManager,8,2,6,ServiceNow,2025-11-04
2026-06-22,49,[QA-sFx-SRE-PROD-USW-K8Services-159310808016]-CAF,True,PROD,USW,K8Services,159310808016,CAF,10,2,8,ServiceNow,2025-11-04
2026-06-22,49,[QA-sFx-SRE-PROD-EUC-K8Services-756641539810]-APPHUB,True,PROD,EUC,K8Services,756641539810,APPHUB,10,2,8,ServiceNow,2025-11-04
2026-06-22,49,[QA-sFx-SRE-PROD-USW-K8Services-891377170567]-SmartSignal,True,PROD,USW,K8Services,891377170567,SmartSignal,10,3,7,ServiceNow,2025-11-04
2026-06-22,49,[QA-sFx-SRE-PROD-EUC-K8Services-381492194144]-IAM,True,PROD,EUC,K8Services,381492194144,IAM,10,2,8,ServiceNow,2025-11-04
2026-06-22,49,[QA-sFx-SRE-PREPROD-USW-K8Services-816857971392]-APPHUB,True,PREPROD,USW,K8Services,816857971392,APPHUB,10,2,8,ServiceNow,2025-11-04
2026-06-22,49,[QA-sFx-SRE-PROD-USW-K8Services-700916857240]-TMS,True,PROD,USW,K8Services,700916857240,TMS,10,2,8,ServiceNow,2025-11-04
2026-06-22,49,[QA-sFx-SRE-PROD-EUC-K8Services-756641539810]-UOM,True,PROD,EUC,K8Services,756641539810,UOM,10,2,8,ServiceNow,2025-11-04
2026-06-22,49,[QA-sFx-SRE-PROD-USW-K8Services-891377170567]-SmartSignal-Tenant,True,PROD,USW,K8Services,891377170567,SmartSignal-Tenant,2,0,2,ServiceNow,2025-11-04
2026-06-22,49,[QA-sFx-SRE-PREPROD-USW-K8Services-891377170567]-SmartSignal-Tenant,True,PREPROD,USW,K8Services,891377170567,SmartSignal-Tenant,2,0,2,ServiceNow,2025-11-04
2026-06-22,49,[QA-sFx-SRE-PROD-USW-K8Services-816857971392]-EdgeManager,True,PROD,USW,K8Services,816857971392,EdgeManager,8,2,6,ServiceNow,2025-11-04
2026-06-22,49,[QA-sFx-SRE-PREPROD-USW-K8Services-159310808016]-APM-M,True,PREPROD,USW,K8Services,159310808016,APM-M,12,3,9,ServiceNow,2025-11-04
2026-06-22,49,[QA-sFx-SRE-PROD-EUC-K8Services-381492194144]-TMS,True,PROD,EUC,K8Services,381492194144,TMS,10,2,8,ServiceNow,2025-11-04
2026-06-22,49,[QA-sFx-SRE-PROD-EUC-K8Services-555031161167]-APM-P,True,PROD,EUC,K8Services,555031161167,APM-P,11,3,8,ServiceNow,2025-11-04
2026-06-22,49,[QA-sFx-SRE-PROD-USW-K8Services-399957848812]-TimeSeries,True,PROD,USW,K8Services,399957848812,TimeSeries,10,2,8,ServiceNow,2025-11-04
2026-06-22,49,[QA-sFx-SRE-PROD-EUC-K8Services-555031161167]-GEDA,True,PROD,EUC,K8Services,555031161167,GEDA,10,2,8,ServiceNow,2025-11-04
2026-06-22,49,[QA-sFx-SRE-PREPROD-USW-K8Services-159310808016]-GEDA,True,PREPROD,USW,K8Services,159310808016,GEDA,10,3,7,ServiceNow,2025-11-04
2026-06-22,49,[QA-sFx-SRE-PROD-EUC-K8Services-975050297255]-SmartSignal,True,PROD,EUC,K8Services,975050297255,SmartSignal,10,3,7,ServiceNow,2025-11-04
2026-06-22,49,[QA-sFx-SRE-PROD-USW-K8Services-159310808016]-GEDA,True,PROD,USW,K8Services,159310808016,GEDA,10,2,8,ServiceNow,2025-11-04
2026-06-22,49,[QA-sFx-SRE-PREPROD-USW-K8Services-891377170567]-SmartSignal,True,PREPROD,USW,K8Services,891377170567,SmartSignal,10,3,7,ServiceNow,2025-11-04
2026-06-10,61,[QA-sFx-SRE-PROD-EUC-MQ-555031161167]-MQ_Accountlevel_Metrics_Ingestion_Failure,True,PROD,EUC,MQ,555031161167,MQ_Accountlevel_Metrics_Ingestion_Failure,1,1,0,NONE,2026-06-10
2026-06-10,61,[QA-sFx-SRE-PROD-EUC-ALB-555031161167]-ALB_Accountlevel_Metrics_Ingestion_Failure ,True,PROD,EUC,ALB,555031161167,ALB_Accountlevel_Metrics_Ingestion_Failure ,1,1,0,NONE,2026-06-10
2026-06-09,62,[sFx-SRE-PROD-USW-AWS/AmazonMQ-159310808016]-APM-P,False,PROD,USW,AWS/AmazonMQ,159310808016,APM-P,27,6,21,ServiceNow,2026-02-10
2026-05-21,81,[QA-sFx-SRE-PREPROD-USW-AWS/AmazonMQ-159310808016]-APM-P (Clone),True,PREPROD,USW,AWS/AmazonMQ,159310808016,APM-P (Clone),2,0,2,ServiceNow,2026-05-21
2026-05-21,81,[QA-sFx-SRE-PROD-EUC-AWS/AmazonMQ-555031161167]-APM-M (Clone),True,PROD,EUC,AWS/AmazonMQ,555031161167,APM-M (Clone),1,0,1,ServiceNow,2026-05-21
2026-05-21,81,[QA-sFx-SRE-PROD-USW-AWS/AmazonMQ-159310808016]-APM-M (Clone),True,PROD,USW,AWS/AmazonMQ,159310808016,APM-M (Clone),1,0,1,ServiceNow,2026-05-06
2026-05-15,87,[sFx-SRE-PREPROD-USW-AWS/RDS-159310808016]-GEDA,False,PREPROD,USW,AWS/RDS,159310808016,GEDA,17,6,11,ServiceNow,2026-02-11
2026-05-14,88,[QA-sFx-SRE-PROD-EUC-RDS-555031161167]-RDS_Accountlevel_Metrics_Ingestion_Failure ,True,PROD,EUC,RDS,555031161167,RDS_Accountlevel_Metrics_Ingestion_Failure ,1,1,0,NONE,2026-05-14
2026-05-14,88,[QA-sFx-SRE-PROD-EUC-K8Services-555031161167]-K8_Accountlevel_Metrics_Ingestion_Failure,True,PROD,EUC,K8Services,555031161167,K8_Accountlevel_Metrics_Ingestion_Failure,1,1,0,NONE,2026-05-12
2026-05-12,90,[QA-sFx-SRE-PROD-EUC-K8Services-555031161167]-APM-M (Clone),True,PROD,EUC,K8Services,555031161167,APM-M (Clone),4,2,2,ServiceNow,2026-05-12
2026-05-08,94,[sFx-SRE-PROD-EUC-AWS/AmazonMQ-555031161167]-APM-P,False,PROD,EUC,AWS/AmazonMQ,555031161167,APM-P,27,6,21,ServiceNow,2026-02-11
2026-05-08,94,[sFx-SRE-PREPROD-USW-AWS/AmazonMQ-159310808016]-APM-P,False,PREPROD,USW,AWS/AmazonMQ,159310808016,APM-P,27,6,21,ServiceNow,2026-02-11
2026-05-06,96,[QA-sFx-SRE-PROD-USW-K8Services-816857971392]-EdgeManager (Clone),True,PROD,USW,K8Services,816857971392,EdgeManager (Clone),8,2,6,ServiceNow,2026-05-06
2026-05-06,96,[QA-sFx-SRE-PROD-USW-K8Services-891377170567]-SmartSignal (Clone),True,PROD,USW,K8Services,891377170567,SmartSignal (Clone),10,3,7,ServiceNow,2026-05-06
2026-05-06,96,[QA-sFx-SRE-PROD-USW-K8Services-399957848812]-TimeSeries (Clone),True,PROD,USW,K8Services,399957848812,TimeSeries (Clone),4,0,4,ServiceNow,2026-05-06
2026-05-06,96,[QA-sFx-SRE-PREPROD-USW-K8Services-159310808016]-APM-P (Clone),True,PREPROD,USW,K8Services,159310808016,APM-P (Clone),10,3,7,ServiceNow,2026-05-06
2026-05-06,96,[QA-sFx-SRE-PROD-USW-AWS/AmazonMQ-159310808016]-APM-P (Clone)-suresh,True,PROD,USW,AWS/AmazonMQ,159310808016,APM-P (Clone)-suresh,1,1,0,ServiceNow,2026-05-06
2026-05-05,97,[sFx-SRE-PROD-EUC-AWS/ApplicationELB-555031161167]-APM,False,PROD,EUC,AWS/ApplicationELB,555031161167,APM,2,1,1,ServiceNow,2025-12-04
2026-05-05,97,[sFx-SRE-PREPROD-USW-AWS/ApplicationELB-159310808016]-APM,False,PREPROD,USW,AWS/ApplicationELB,159310808016,APM,2,1,1,ServiceNow,2026-02-12
2026-04-30,102,[QA-sFx-SRE-PROD-USW-AWS/AmazonMQ-159310808016]-GEDA-Prem,True,PROD,USW,AWS/AmazonMQ,159310808016,GEDA-Prem,12,1,11,ServiceNow,2026-04-29
2026-04-22,110,[sFx-SRE-PROD-EUC-EC2-315316151208]-IBI-Server,False,PROD,EUC,EC2,315316151208,IBI-Server,3,1,2,ServiceNow,2026-04-22
2026-04-22,110,[sFx-SRE-PROD-USW-EC2-007826922078]-IBI-Server,False,PROD,USW,EC2,007826922078,IBI-Server,3,1,2,ServiceNow,2026-04-22
2026-04-22,110,[sFx-SRE-PREPROD-USW-EC2-007826922078]-IBI-Server,False,PREPROD,USW,EC2,007826922078,IBI-Server,3,1,2,ServiceNow,2026-04-22
2026-04-22,110,[QA-sFx-SRE-PROD-USW-EC2-007826922078]-IBI-Server,True,PROD,USW,EC2,007826922078,IBI-Server,3,1,2,ServiceNow,2026-04-22
2026-04-22,110,[QA-sFx-SRE-PROD-EUC-EC2-315316151208]-IBI-Server,True,PROD,EUC,EC2,315316151208,IBI-Server,3,1,2,ServiceNow,2026-04-22
2026-04-22,110,[QA-sFx-SRE-PREPROD-USW-EC2-007826922078]-IBI-Server,True,PREPROD,USW,EC2,007826922078,IBI-Server,3,1,2,ServiceNow,2026-04-22
2026-04-16,116,[sFx-SRE-PROD-EUC-K8Services-756641539810]-PAF,False,PROD,EUC,K8Services,756641539810,PAF,10,2,8,ServiceNow,2026-02-10
2026-04-16,116,[sFx-SRE-PROD-USW-K8Services-816857971392]-PAF,False,PROD,USW,K8Services,816857971392,PAF,10,2,8,ServiceNow,2026-02-10
2026-04-15,117,[sFx-SRE-PROD-EUC-EC2-315316151208]-IBI-Server-Testing,False,PROD,EUC,EC2,315316151208,IBI-Server-Testing,3,3,0,NONE,2026-04-15
2026-04-15,117,[sFx-SRE-PREPROD-USW-EC2-007826922078]-IBI-Server-Testing,False,PREPROD,USW,EC2,007826922078,IBI-Server-Testing,3,3,0,NONE,2026-04-15
2026-04-15,117,[sFx-SRE-PROD-USW-EC2-007826922078]-IBI-Server-Testing,False,PROD,USW,EC2,007826922078,IBI-Server-Testing,3,3,0,NONE,2026-04-15
2026-04-08,124,[sFx-SRE-PREPROD-USW-AWS/AmazonMQ-159310808016]-APM-M,False,PREPROD,USW,AWS/AmazonMQ,159310808016,APM-M,14,2,12,ServiceNow,2025-11-12
2026-04-08,124,[sFx-SRE-PROD-EUC-AWS/AmazonMQ-555031161167]-APM-M,False,PROD,EUC,AWS/AmazonMQ,555031161167,APM-M,17,2,15,ServiceNow,2025-11-12
2026-04-08,124,[sFx-SRE-PROD-USW-AWS/AmazonMQ-159310808016]-APM-M,False,PROD,USW,AWS/AmazonMQ,159310808016,APM-M,19,2,17,ServiceNow,2025-11-12
2026-04-01,131,[sFx-SRE-PROD-USW-K8Services-159310808016]-GEDA,False,PROD,USW,K8Services,159310808016,GEDA,10,2,8,ServiceNow,2026-02-10
2026-04-01,131,[sFx-SRE-PREPROD-USW-K8Services-159310808016]-GEDA,False,PREPROD,USW,K8Services,159310808016,GEDA,10,3,7,ServiceNow,2026-02-10
2026-04-01,131,[sFx-SRE-PROD-USW-K8Services-700916857240]-TMS,False,PROD,USW,K8Services,700916857240,TMS,10,2,8,ServiceNow,2026-02-10
2026-04-01,131,[sFx-SRE-PROD-EUC-K8Services-555031161167]-CAF,False,PROD,EUC,K8Services,555031161167,CAF,10,2,8,ServiceNow,2026-02-10
2026-04-01,131,[sFx-SRE-PROD-USW-K8Services-891377170567]-SmartSignal-Tenant,False,PROD,USW,K8Services,891377170567,SmartSignal-Tenant,2,0,2,ServiceNow,2026-02-10
2026-04-01,131,[sFx-SRE-PROD-EUC-K8Services-756641539810]-EdgeManager,False,PROD,EUC,K8Services,756641539810,EdgeManager,8,2,6,ServiceNow,2026-02-10
2026-04-01,131,[sFx-SRE-PROD-EUC-K8Services-555031161167]-APM-P,False,PROD,EUC,K8Services,555031161167,APM-P,10,3,7,ServiceNow,2026-02-10
2026-04-01,131,[sFx-SRE-PROD-EUC-K8Services-381492194144]-IAM,False,PROD,EUC,K8Services,381492194144,IAM,10,2,8,ServiceNow,2026-02-10
2026-04-01,131,[sFx-SRE-PROD-USW-K8Services-700916857240]-Audit,False,PROD,USW,K8Services,700916857240,Audit,10,3,7,ServiceNow,2026-02-10
2026-04-01,131,[sFx-SRE-PROD-USW-K8Services-816857971392]-EdgeManager,False,PROD,USW,K8Services,816857971392,EdgeManager,8,2,6,ServiceNow,2026-02-10
2026-04-01,131,[sFx-SRE-PROD-EUC-K8Services-975050297255]-SmartSignal-Tenant,False,PROD,EUC,K8Services,975050297255,SmartSignal-Tenant,2,0,2,ServiceNow,2026-02-10
2026-04-01,131,[sFx-SRE-PROD-EUC-K8Services-381492194144]-Audit,False,PROD,EUC,K8Services,381492194144,Audit,10,3,7,ServiceNow,2026-02-09
2026-04-01,131,[sFx-SRE-PROD-EUC-K8Services-756641539810]-UOM,False,PROD,EUC,K8Services,756641539810,UOM,10,2,8,ServiceNow,2026-02-10
2026-04-01,131,[sFx-SRE-PREPROD-USW-K8Services-891377170567]-SmartSignal,False,PREPROD,USW,K8Services,891377170567,SmartSignal,10,3,7,ServiceNow,2025-11-10
2026-04-01,131,[sFx-SRE-PREPROD-USW-K8Services-159310808016]-CAF,False,PREPROD,USW,K8Services,159310808016,CAF,10,3,7,ServiceNow,2026-02-10
2026-04-01,131,[sFx-SRE-PROD-EUC-K8Services-460147993799]-TimeSeries,False,PROD,EUC,K8Services,460147993799,TimeSeries,10,2,8,ServiceNow,2026-02-10
2026-04-01,131,[sFx-SRE-PREPROD-USW-K8Services-159310808016]-APM-P,False,PREPROD,USW,K8Services,159310808016,APM-P,10,3,7,ServiceNow,2026-02-10
2026-04-01,131,[sFx-SRE-PREPROD-USW-K8Services-816857971392]-APPHUB,False,PREPROD,USW,K8Services,816857971392,APPHUB,10,2,8,ServiceNow,2026-02-10
2026-04-01,131,[sFx-SRE-PROD-USW-K8Services-891377170567]-SmartSignal,False,PROD,USW,K8Services,891377170567,SmartSignal,10,3,7,ServiceNow,2026-02-10
2026-04-01,131,[sFx-SRE-PROD-USW-K8Services-700916857240]-IAM,False,PROD,USW,K8Services,700916857240,IAM,10,2,8,ServiceNow,2026-02-10
2026-04-01,131,[sFx-SRE-PROD-EUC-K8Services-975050297255]-SmartSignal,False,PROD,EUC,K8Services,975050297255,SmartSignal,10,3,7,ServiceNow,2026-02-10
2026-04-01,131,[sFx-SRE-PROD-EUC-K8Services-756641539810]-APPHUB,False,PROD,EUC,K8Services,756641539810,APPHUB,10,2,8,ServiceNow,2026-02-10
2026-04-01,131,[sFx-SRE-PROD-USW-K8Services-159310808016]-APM-M,False,PROD,USW,K8Services,159310808016,APM-M,12,3,9,ServiceNow,2026-02-10
2026-04-01,131,[sFx-SRE-PREPROD-USW-K8Services-159310808016]-APM-M,False,PREPROD,USW,K8Services,159310808016,APM-M,12,3,9,ServiceNow,2026-02-10
2026-04-01,131,[sFx-SRE-PROD-USW-K8Services-399957848812]-TimeSeries,False,PROD,USW,K8Services,399957848812,TimeSeries,10,2,8,ServiceNow,2025-11-06
2026-04-01,131,[sFx-SRE-PROD-EUC-K8Services-381492194144]-TMS,False,PROD,EUC,K8Services,381492194144,TMS,10,2,8,ServiceNow,2026-02-10
2026-04-01,131,[sFx-SRE-PROD-EUC-K8Services-555031161167]-GEDA,False,PROD,EUC,K8Services,555031161167,GEDA,10,2,8,ServiceNow,2026-02-10
2026-04-01,131,[sFx-SRE-PROD-USW-K8Services-816857971392]-APPHUB,False,PROD,USW,K8Services,816857971392,APPHUB,10,2,8,ServiceNow,2026-02-10
2026-04-01,131,[sFx-SRE-PROD-USW-K8Services-159310808016]-CAF,False,PROD,USW,K8Services,159310808016,CAF,10,2,8,ServiceNow,2026-02-10
2026-04-01,131,[sFx-SRE-PROD-USW-K8Services-816857971392]-UOM,False,PROD,USW,K8Services,816857971392,UOM,10,2,8,ServiceNow,2026-02-10
2026-04-01,131,[sFx-SRE-PREPROD-USW-K8Services-891377170567]-SmartSignal-Tenant,False,PREPROD,USW,K8Services,891377170567,SmartSignal-Tenant,2,0,2,ServiceNow,2025-11-10
2026-04-01,131,[sFx-SRE-PREPROD-USW-AWS/RDS-159310808016]-APM-M,False,PREPROD,USW,AWS/RDS,159310808016,APM-M,36,14,22,ServiceNow,2025-11-19
2026-04-01,131,[sFx-SRE-PROD-USW-AWS/RDS-159310808016]-Cases,False,PROD,USW,AWS/RDS,159310808016,Cases,17,6,11,ServiceNow,2026-02-11
2026-04-01,131,[sFx-SRE-PROD-USW-AWS/RDS-700916857240]-UAA,False,PROD,USW,AWS/RDS,700916857240,UAA,15,5,10,ServiceNow,2026-02-11
2026-04-01,131,[sFx-SRE-PROD-EUC-AWS/RDS-756641539810]-PAF,False,PROD,EUC,AWS/RDS,756641539810,PAF,84,28,56,ServiceNow,2026-02-11
2026-04-01,131,[sFx-SRE-PREPROD-USW-AWS/RDS-159310808016]-Cases,False,PREPROD,USW,AWS/RDS,159310808016,Cases,17,6,11,ServiceNow,2026-02-11
2026-04-01,131,[sFx-SRE-PROD-USW-AWS/RDS-700916857240]-ACS,False,PROD,USW,AWS/RDS,700916857240,ACS,15,5,10,ServiceNow,2026-02-11
2026-04-01,131,[sFx-SRE-PROD-USW-AWS/RDS-816857971392]-APPHUB,False,PROD,USW,AWS/RDS,816857971392,APPHUB,15,5,10,ServiceNow,2026-02-11
2026-04-01,131,[sFx-SRE-PROD-EUC-AWS/RDS-756641539810]-APPHUB,False,PROD,EUC,AWS/RDS,756641539810,APPHUB,15,5,10,ServiceNow,2026-02-11
2026-04-01,131,[sFx-SRE-PROD-EUC-AWS/RDS-756641539810]-DCS,False,PROD,EUC,AWS/RDS,756641539810,DCS,15,5,10,ServiceNow,2026-02-11
2026-04-01,131,[sFx-SRE-PROD-EUC-AWS/RDS-381492194144]-UAA,False,PROD,EUC,AWS/RDS,381492194144,UAA,15,5,10,ServiceNow,2026-02-11
2026-04-01,131,[sFx-SRE-PROD-EUC-AWS/RDS-555031161167]-Templates,False,PROD,EUC,AWS/RDS,555031161167,Templates,17,6,11,ServiceNow,2026-02-11
2026-04-01,131,[sFx-SRE-PREPROD-USW-AWS/RDS-159310808016]-Collaboration,False,PREPROD,USW,AWS/RDS,159310808016,Collaboration,17,6,11,ServiceNow,2026-02-11
2026-04-01,131,[sFx-SRE-PROD-EUC-AWS/RDS-555031161167]-CAF,False,PROD,EUC,AWS/RDS,555031161167,CAF,17,6,11,ServiceNow,2026-02-11
2026-04-01,131,[sFx-SRE-PREPROD-USW-AWS/RDS-007826922078]-APM-Connect,False,PREPROD,USW,AWS/RDS,007826922078,APM-Connect,15,5,10,ServiceNow,2026-02-11
2026-04-01,131,[sFx-SRE-PROD-USW-AWS/RDS-816857971392]-DCS,False,PROD,USW,AWS/RDS,816857971392,DCS,15,5,10,ServiceNow,2026-02-11
2026-04-01,131,[sFx-SRE-PROD-EUC-AWS/RDS-555031161167]-GEDA,False,PROD,EUC,AWS/RDS,555031161167,GEDA,17,6,11,ServiceNow,2026-02-11
2026-04-01,131,[sFx-SRE-PROD-USW-AWS/RDS-159310808016]-GEDA,False,PROD,USW,AWS/RDS,159310808016,GEDA,17,6,11,ServiceNow,2026-02-11
2026-04-01,131,[sFx-SRE-PROD-EUC-AWS/RDS-555031161167]-Cases,False,PROD,EUC,AWS/RDS,555031161167,Cases,17,6,11,ServiceNow,2026-02-11
2026-04-01,131,[sFx-SRE-PREPROD-USW-AWS/RDS-159310808016]-Adv_Visualization,False,PREPROD,USW,AWS/RDS,159310808016,Adv_Visualization,17,6,11,ServiceNow,2026-02-11
2026-04-01,131,[sFx-SRE-PROD-USW-AWS/RDS-159310808016]-CAF,False,PROD,USW,AWS/RDS,159310808016,CAF,17,6,11,ServiceNow,2026-02-11
2026-04-01,131,[sFx-SRE-PROD-USW-AWS/RDS-816857971392]-UOM,False,PROD,USW,AWS/RDS,816857971392,UOM,24,8,16,ServiceNow,2026-02-11
2026-04-01,131,[sFx-SRE-PROD-USW-AWS/RDS-159310808016]-Adv_Visualization,False,PROD,USW,AWS/RDS,159310808016,Adv_Visualization,17,6,11,ServiceNow,2026-02-11
2026-04-01,131,[sFx-SRE-PROD-USW-AWS/RDS-159310808016]-Analysis,False,PROD,USW,AWS/RDS,159310808016,Analysis,17,6,11,ServiceNow,2026-02-11
2026-04-01,131,[sFx-SRE-PROD-USW-AWS/RDS-159310808016]-APM-M,False,PROD,USW,AWS/RDS,159310808016,APM-M,56,20,36,ServiceNow,2025-11-19
2026-04-01,131,[sFx-SRE-PROD-EUC-AWS/RDS-555031161167]-Collaboration,False,PROD,EUC,AWS/RDS,555031161167,Collaboration,17,6,11,ServiceNow,2026-02-11
2026-04-01,131,[sFx-SRE-PROD-EUC-AWS/RDS-756641539810]-UOM,False,PROD,EUC,AWS/RDS,756641539810,UOM,24,8,16,ServiceNow,2026-02-11
2026-04-01,131,[sFx-SRE-PROD-USW-AWS/RDS-700916857240]-TMS,False,PROD,USW,AWS/RDS,700916857240,TMS,17,6,11,ServiceNow,2026-02-11
2026-04-01,131,[sFx-SRE-PREPROD-USW-AWS/RDS-159310808016]-CAF,False,PREPROD,USW,AWS/RDS,159310808016,CAF,17,6,11,ServiceNow,2026-02-11
2026-04-01,131,[sFx-SRE-PROD-EUC-AWS/RDS-381492194144]-TMS,False,PROD,EUC,AWS/RDS,381492194144,TMS,17,6,11,ServiceNow,2026-02-11
2026-04-01,131,[sFx-SRE-PROD-EUC-AWS/RDS-555031161167]-APM-M,False,PROD,EUC,AWS/RDS,555031161167,APM-M,14,5,9,ServiceNow,2026-02-11
2026-04-01,131,[sFx-SRE-PREPROD-USW-AWS/RDS-891377170567]-SmartSignal,False,PREPROD,USW,AWS/RDS,891377170567,SmartSignal,15,5,10,ServiceNow,2026-02-11
2026-04-01,131,[sFx-SRE-PROD-EUC-AWS/RDS-555031161167]-Adv_Visualization,False,PROD,EUC,AWS/RDS,555031161167,Adv_Visualization,17,6,11,ServiceNow,2026-02-11
2026-04-01,131,[sFx-SRE-PROD-USW-AWS/RDS-159310808016]-Alerts,False,PROD,USW,AWS/RDS,159310808016,Alerts,17,6,11,ServiceNow,2026-02-11
2026-04-01,131,[sFx-SRE-PROD-EUC-AWS/RDS-315316151208]-APM-Connect,False,PROD,EUC,AWS/RDS,315316151208,APM-Connect,15,5,10,ServiceNow,2026-02-11
2026-04-01,131,[sFx-SRE-PROD-EUC-AWS/RDS-555031161167]-Analysis,False,PROD,EUC,AWS/RDS,555031161167,Analysis,17,6,11,ServiceNow,2026-02-11
2026-04-01,131,[sFx-SRE-PROD-USW-AWS/RDS-700916857240]-ZAC,False,PROD,USW,AWS/RDS,700916857240,ZAC,15,5,10,ServiceNow,2026-02-11
2026-04-01,131,[sFx-SRE-PROD-EUC-AWS/RDS-975050297255]-SmartSignal,False,PROD,EUC,AWS/RDS,975050297255,SmartSignal,15,5,10,ServiceNow,2026-02-11
2026-04-01,131,[sFx-SRE-PROD-EUC-AWS/RDS-756641539810]-EdgeManager,False,PROD,EUC,AWS/RDS,756641539810,EdgeManager,15,5,10,ServiceNow,2026-02-11
2026-04-01,131,[sFx-SRE-PREPROD-USW-AWS/RDS-159310808016]-Templates,False,PREPROD,USW,AWS/RDS,159310808016,Templates,17,6,11,ServiceNow,2026-02-11
2026-04-01,131,[sFx-SRE-PROD-EUC-AWS/RDS-381492194144]-ACS,False,PROD,EUC,AWS/RDS,381492194144,ACS,15,5,10,ServiceNow,2026-02-11
2026-04-01,131,[sFx-SRE-PROD-USW-AWS/RDS-816857971392]-PAF,False,PROD,USW,AWS/RDS,816857971392,PAF,84,28,56,ServiceNow,2026-02-11
2026-04-01,131,[sFx-SRE-PREPROD-USW-AWS/RDS-159310808016]-Alerts,False,PREPROD,USW,AWS/RDS,159310808016,Alerts,17,6,11,ServiceNow,2026-02-11
2026-04-01,131,[sFx-SRE-PROD-USW-AWS/RDS-891377170567]-SmartSignal,False,PROD,USW,AWS/RDS,891377170567,SmartSignal,15,5,10,ServiceNow,2026-02-11
2026-04-01,131,[sFx-SRE-PROD-USW-AWS/RDS-816857971392]-EdgeManager,False,PROD,USW,AWS/RDS,816857971392,EdgeManager,24,8,16,ServiceNow,2026-02-11
2026-04-01,131,[sFx-SRE-PREPROD-USW-AWS/RDS-159310808016]-Analysis,False,PREPROD,USW,AWS/RDS,159310808016,Analysis,17,6,11,ServiceNow,2026-02-11
2026-04-01,131,[sFx-SRE-PROD-USW-AWS/RDS-159310808016]-Collaboration,False,PROD,USW,AWS/RDS,159310808016,Collaboration,17,6,11,ServiceNow,2026-02-11
2026-04-01,131,[sFx-SRE-PROD-EUC-AWS/RDS-555031161167]-Alerts,False,PROD,EUC,AWS/RDS,555031161167,Alerts,17,6,11,ServiceNow,2026-02-11
2026-04-01,131,[sFx-SRE-PROD-USW-AWS/RDS-007826922078]-APM-Connect,False,PROD,USW,AWS/RDS,007826922078,APM-Connect,15,5,10,ServiceNow,2026-02-11
2026-04-01,131,[sFx-SRE-PROD-USW-AWS/RDS-159310808016]-Templates,False,PROD,USW,AWS/RDS,159310808016,Templates,17,6,11,ServiceNow,2026-02-11
2026-04-01,131,[sFx-SRE-PROD-EUC-AWS/RDS-381492194144]-ZAC,False,PROD,EUC,AWS/RDS,381492194144,ZAC,15,5,10,ServiceNow,2026-02-11
2026-04-01,131,[sFx-SRE-PREPROD-USW-AWS/AmazonMQ-891377170567]-SmartSignal,False,PREPROD,USW,AWS/AmazonMQ,891377170567,SmartSignal,25,7,18,ServiceNow,2026-02-11
2026-04-01,131,[sFx-SRE-PROD-USW-AWS/AmazonMQ-816857971392]-EdgeManager,False,PROD,USW,AWS/AmazonMQ,816857971392,EdgeManager,16,4,12,ServiceNow,2026-02-11
2026-04-01,131,[sFx-SRE-PROD-USW-AWS/AmazonMQ-891377170567]-SmartSignal,False,PROD,USW,AWS/AmazonMQ,891377170567,SmartSignal,25,7,18,ServiceNow,2026-02-11
2026-04-01,131,[sFx-SRE-PROD-EUC-AWS/AmazonMQ-975050297255]-SmartSignal,False,PROD,EUC,AWS/AmazonMQ,975050297255,SmartSignal,25,7,18,ServiceNow,2026-02-11
2026-04-01,131,[sFx-SRE-PROD-EUC-AWS/AmazonMQ-756641539810]-EdgeManager,False,PROD,EUC,AWS/AmazonMQ,756641539810,EdgeManager,16,4,12,ServiceNow,2026-02-11
2026-04-01,131,[sFx-SRE-PROD-EUC-AWS/AmazonMQ-756641539810]-PAF,False,PROD,EUC,AWS/AmazonMQ,756641539810,PAF,16,4,12,ServiceNow,2026-04-01
2026-04-01,131,[sFx-SRE-PROD-USW-AWS/AmazonMQ-816857971392]-PAF,False,PROD,USW,AWS/AmazonMQ,816857971392,PAF,12,1,11,ServiceNow,2026-02-11
2026-04-01,131,[sFx-SRE-PROD-USW-AWS/SQS-159310808016]-Alerts,False,PROD,USW,AWS/SQS,159310808016,Alerts,1,0,1,ServiceNow,2026-02-11
2026-04-01,131,[sFx-SRE-PROD-EUC-AWS/SQS-555031161167]-Alerts,False,PROD,EUC,AWS/SQS,555031161167,Alerts,1,0,1,ServiceNow,2026-02-11
2026-04-01,131,[sFx-SRE-PREPROD-USW-AWS/SQS-159310808016]-Alerts,False,PREPROD,USW,AWS/SQS,159310808016,Alerts,1,0,1,ServiceNow,2026-02-11
2026-04-01,131,[sFx-SRE-PROD-EUC-AWS/ES-555031161167]-APM-M,False,PROD,EUC,AWS/ES,555031161167,APM-M,10,3,7,ServiceNow,2026-02-11
2026-04-01,131,[sFx-SRE-PREPROD-USW-AWS/ES-159310808016]-APM-M,False,PREPROD,USW,AWS/ES,159310808016,APM-M,10,3,7,ServiceNow,2026-02-11
2026-04-01,131,[sFx-SRE-PROD-USW-AWS/ES-159310808016]-APM-M,False,PROD,USW,AWS/ES,159310808016,APM-M,10,3,7,ServiceNow,2025-12-03
2026-04-01,131,[sFx-SRE-PROD-USW-AWS/ElastiCache-816857971392]-UOM,False,PROD,USW,AWS/ElastiCache,816857971392,UOM,6,0,6,ServiceNow,2026-02-11
2026-04-01,131,[sFx-SRE-PROD-USW-AWS/ElastiCache-816857971392]-EdgeManager,False,PROD,USW,AWS/ElastiCache,816857971392,EdgeManager,6,0,6,ServiceNow,2026-02-11
2026-04-01,131,[sFx-SRE-PREPROD-USW-AWS/ElastiCache-891377170567]-SmartSignal,False,PREPROD,USW,AWS/ElastiCache,891377170567,SmartSignal,18,0,18,ServiceNow,2026-02-11
2026-04-01,131,[sFx-SRE-PROD-EUC-AWS/ElastiCache-975050297255]-SmartSignal,False,PROD,EUC,AWS/ElastiCache,975050297255,SmartSignal,18,0,18,ServiceNow,2026-02-11
2026-04-01,131,[sFx-SRE-PROD-USW-AWS/ElastiCache-816857971392]-APPHUB,False,PROD,USW,AWS/ElastiCache,816857971392,APPHUB,6,0,6,ServiceNow,2026-02-11
2026-04-01,131,[sFx-SRE-PROD-USW-AWS/ElastiCache-700916857240]-UMS,False,PROD,USW,AWS/ElastiCache,700916857240,UMS,12,0,12,ServiceNow,2026-02-11
2026-04-01,131,[sFx-SRE-PROD-USW-AWS/ElastiCache-816857971392]-PAF,False,PROD,USW,AWS/ElastiCache,816857971392,PAF,6,0,6,ServiceNow,2026-02-11
2026-04-01,131,[sFx-SRE-PROD-EUC-AWS/ElastiCache-756641539810]-PAF,False,PROD,EUC,AWS/ElastiCache,756641539810,PAF,6,0,6,ServiceNow,2026-02-11
2026-04-01,131,[sFx-SRE-PROD-EUC-AWS/ElastiCache-756641539810]-UOM,False,PROD,EUC,AWS/ElastiCache,756641539810,UOM,6,0,6,ServiceNow,2026-02-11
2026-04-01,131,[sFx-SRE-PROD-EUC-AWS/ElastiCache-756641539810]-APPHUB,False,PROD,EUC,AWS/ElastiCache,756641539810,APPHUB,6,0,6,ServiceNow,2026-02-11
2026-04-01,131,[sFx-SRE-PROD-EUC-AWS/ElastiCache-756641539810]-EdgeManager,False,PROD,EUC,AWS/ElastiCache,756641539810,EdgeManager,6,0,6,ServiceNow,2026-02-11
2026-04-01,131,[sFx-SRE-PROD-EUC-AWS/ElastiCache-381492194144]-IAM,False,PROD,EUC,AWS/ElastiCache,381492194144,IAM,24,0,24,ServiceNow,2026-02-11
2026-04-01,131,[sFx-SRE-PROD-USW-AWS/ElastiCache-891377170567]-SmartSignal,False,PROD,USW,AWS/ElastiCache,891377170567,SmartSignal,18,0,18,ServiceNow,2026-02-11
2026-04-01,131,[sFx-SRE-PROD-USW-AWS/ElastiCache-700916857240]-IAM,False,PROD,USW,AWS/ElastiCache,700916857240,IAM,12,0,12,ServiceNow,2026-02-11
2026-04-01,131,[sFx-SRE-PROD-EUC-AWS/ElastiCache-381492194144]-UMS,False,PROD,EUC,AWS/ElastiCache,381492194144,UMS,12,0,12,ServiceNow,2026-02-11
2026-04-01,131,[sFx-SRE-PROD-EUC-AWS/ElastiCache-555031161167]-APM-P,False,PROD,EUC,AWS/ElastiCache,555031161167,APM-P,6,0,6,ServiceNow,2026-02-11
2026-04-01,131,[sFx-SRE-PREPROD-USW-AWS/ElastiCache-159310808016]-APM-P,False,PREPROD,USW,AWS/ElastiCache,159310808016,APM-P,6,0,6,ServiceNow,2026-02-11
2026-04-01,131,[sFx-SRE-PREPROD-USW-AWS/ElastiCache-159310808016]-APM-M,False,PREPROD,USW,AWS/ElastiCache,159310808016,APM-M,6,0,6,ServiceNow,2026-02-11
2026-04-01,131,[sFx-SRE-PROD-EUC-AWS/ElastiCache-555031161167]-APM-M,False,PROD,EUC,AWS/ElastiCache,555031161167,APM-M,6,0,6,ServiceNow,2026-02-11
2026-04-01,131,[sFx-SRE-PROD-USW-AWS/ElastiCache-159310808016]-APM-M,False,PROD,USW,AWS/ElastiCache,159310808016,APM-M,6,0,6,ServiceNow,2026-02-11
2026-03-31,132,[QA-sFx-SRE-PROD-EUC-AWS/ES-555031161167]-APM-M,True,PROD,EUC,AWS/ES,555031161167,APM-M,10,3,7,ServiceNow,2025-11-04
2026-03-31,132,[QA-sFx-SRE-PREPROD-USW-AWS/ES-159310808016]-APM-M,True,PREPROD,USW,AWS/ES,159310808016,APM-M,10,3,7,ServiceNow,2025-11-04
2026-03-31,132,[QA-sFx-SRE-PROD-USW-AWS/ES-159310808016]-APM-M,True,PROD,USW,AWS/ES,159310808016,APM-M,10,3,7,ServiceNow,2025-11-04
2026-03-31,132,[QA-sFx-SRE-PROD-EUC-AWS/SQS-555031161167]-Alerts,True,PROD,EUC,AWS/SQS,555031161167,Alerts,1,0,1,ServiceNow,2025-11-04
2026-03-31,132,[QA-sFx-SRE-PROD-USW-AWS/SQS-159310808016]-Alerts,True,PROD,USW,AWS/SQS,159310808016,Alerts,1,0,1,ServiceNow,2025-11-04
2026-03-31,132,[QA-sFx-SRE-PREPROD-USW-AWS/SQS-159310808016]-Alerts,True,PREPROD,USW,AWS/SQS,159310808016,Alerts,1,0,1,ServiceNow,2025-11-04
2026-03-31,132,[QA-sFx-SRE-PROD-USW-AWS/RDS-816857971392]-PAF,True,PROD,USW,AWS/RDS,816857971392,PAF,84,28,56,ServiceNow,2025-11-04
2026-03-31,132,[QA-sFx-SRE-PROD-USW-AWS/RDS-159310808016]-APM-M,True,PROD,USW,AWS/RDS,159310808016,APM-M,56,20,36,ServiceNow,2025-11-04
2026-03-31,132,[QA-sFx-SRE-PROD-EUC-AWS/RDS-756641539810]-UOM,True,PROD,EUC,AWS/RDS,756641539810,UOM,24,8,16,ServiceNow,2025-11-04
2026-03-31,132,[QA-sFx-SRE-PREPROD-USW-AWS/RDS-159310808016]-APM-M,True,PREPROD,USW,AWS/RDS,159310808016,APM-M,36,14,22,ServiceNow,2025-11-04
2026-03-31,132,[QA-sFx-SRE-PROD-EUC-AWS/RDS-756641539810]-PAF,True,PROD,EUC,AWS/RDS,756641539810,PAF,84,28,56,ServiceNow,2025-11-04
2026-03-31,132,[QA-sFx-SRE-PROD-EUC-AWS/RDS-555031161167]-APM-M,True,PROD,EUC,AWS/RDS,555031161167,APM-M,14,5,9,ServiceNow,2025-11-04
2026-03-31,132,[QA-sFx-SRE-PROD-USW-AWS/RDS-816857971392]-UOM,True,PROD,USW,AWS/RDS,816857971392,UOM,24,8,16,ServiceNow,2025-11-04
2026-03-31,132,[QA-sFx-SRE-PROD-USW-AWS/RDS-816857971392]-EdgeManager,True,PROD,USW,AWS/RDS,816857971392,EdgeManager,24,8,16,ServiceNow,2025-11-04
2026-03-26,137,[sFx-SRE-PROD-EUC-AWS/ApplicationELB-756641539810]-PAF,False,PROD,EUC,AWS/ApplicationELB,756641539810,PAF,2,1,1,ServiceNow,2026-02-12
2026-03-26,137,[sFx-SRE-PROD-USW-AWS/ApplicationELB-816857971392]-PAF,False,PROD,USW,AWS/ApplicationELB,816857971392,PAF,2,1,1,ServiceNow,2026-02-12
2026-03-20,143,[QA-sFx-SRE-PREPROD-USW-AWS/ElastiCache-159310808016]-APM-P,True,PREPROD,USW,AWS/ElastiCache,159310808016,APM-P,6,0,6,ServiceNow,2025-11-04
2026-03-20,143,[QA-sFx-SRE-PREPROD-USW-AWS/ElastiCache-891377170567]-SmartSignal,True,PREPROD,USW,AWS/ElastiCache,891377170567,SmartSignal,18,0,18,ServiceNow,2025-11-04
2026-03-20,143,[QA-sFx-SRE-PROD-USW-AWS/ElastiCache-816857971392]-UOM,True,PROD,USW,AWS/ElastiCache,816857971392,UOM,6,0,6,ServiceNow,2025-11-04
2026-03-20,143,[QA-sFx-SRE-PROD-EUC-AWS/ElastiCache-975050297255]-SmartSignal,True,PROD,EUC,AWS/ElastiCache,975050297255,SmartSignal,18,0,18,ServiceNow,2025-11-04
2026-03-20,143,[QA-sFx-SRE-PROD-EUC-AWS/ElastiCache-381492194144]-IAM,True,PROD,EUC,AWS/ElastiCache,381492194144,IAM,24,0,24,ServiceNow,2025-11-04
2026-03-20,143,[QA-sFx-SRE-PROD-USW-AWS/ElastiCache-159310808016]-APM-M,True,PROD,USW,AWS/ElastiCache,159310808016,APM-M,6,0,6,ServiceNow,2025-11-04
2026-03-20,143,[QA-sFx-SRE-PREPROD-USW-AWS/ElastiCache-159310808016]-APM-M,True,PREPROD,USW,AWS/ElastiCache,159310808016,APM-M,6,0,6,ServiceNow,2025-11-04
2026-03-20,143,[QA-sFx-SRE-PROD-USW-AWS/ElastiCache-816857971392]-EdgeManager,True,PROD,USW,AWS/ElastiCache,816857971392,EdgeManager,6,0,6,ServiceNow,2025-11-04
2026-03-20,143,[QA-sFx-SRE-PROD-EUC-AWS/ElastiCache-756641539810]-PAF,True,PROD,EUC,AWS/ElastiCache,756641539810,PAF,6,0,6,ServiceNow,2025-11-04
2026-03-20,143,[QA-sFx-SRE-PROD-USW-AWS/ElastiCache-700916857240]-IAM,True,PROD,USW,AWS/ElastiCache,700916857240,IAM,12,0,12,ServiceNow,2025-11-04
2026-03-20,143,[QA-sFx-SRE-PROD-EUC-AWS/ElastiCache-555031161167]-APM-P,True,PROD,EUC,AWS/ElastiCache,555031161167,APM-P,6,0,6,ServiceNow,2025-11-04
2026-03-20,143,[QA-sFx-SRE-PROD-USW-AWS/ElastiCache-891377170567]-SmartSignal,True,PROD,USW,AWS/ElastiCache,891377170567,SmartSignal,18,0,18,ServiceNow,2025-11-04
2026-03-20,143,[QA-sFx-SRE-PROD-USW-AWS/ElastiCache-700916857240]-UMS,True,PROD,USW,AWS/ElastiCache,700916857240,UMS,12,0,12,ServiceNow,2025-11-04
2026-03-20,143,[QA-sFx-SRE-PROD-EUC-AWS/ElastiCache-381492194144]-UMS,True,PROD,EUC,AWS/ElastiCache,381492194144,UMS,12,0,12,ServiceNow,2025-11-04
2026-03-20,143,[QA-sFx-SRE-PROD-USW-AWS/ElastiCache-816857971392]-PAF,True,PROD,USW,AWS/ElastiCache,816857971392,PAF,6,0,6,ServiceNow,2025-11-04
2026-03-20,143,[QA-sFx-SRE-PROD-EUC-AWS/ElastiCache-756641539810]-EdgeManager,True,PROD,EUC,AWS/ElastiCache,756641539810,EdgeManager,6,0,6,ServiceNow,2026-03-20
2026-03-20,143,[QA-sFx-SRE-PROD-EUC-AWS/ElastiCache-756641539810]-APPHUB,True,PROD,EUC,AWS/ElastiCache,756641539810,APPHUB,6,0,6,ServiceNow,2025-11-04
2026-03-20,143,[QA-sFx-SRE-PROD-USW-AWS/ElastiCache-816857971392]-APPHUB,True,PROD,USW,AWS/ElastiCache,816857971392,APPHUB,6,0,6,ServiceNow,2025-11-04
2026-03-20,143,[QA-sFx-SRE-PROD-EUC-AWS/ElastiCache-756641539810]-UOM,True,PROD,EUC,AWS/ElastiCache,756641539810,UOM,6,0,6,ServiceNow,2025-11-04
2026-03-20,143,[QA-sFx-SRE-PROD-EUC-AWS/ElastiCache-555031161167]-APM-M,True,PROD,EUC,AWS/ElastiCache,555031161167,APM-M,6,0,6,ServiceNow,2025-11-04
2026-03-03,160,[sFx-SRE-PROD-USW-AWS/ApplicationELB-891377170567]-SmartSignal,False,PROD,USW,AWS/ApplicationELB,891377170567,SmartSignal,2,1,1,ServiceNow,2026-02-12
2026-03-03,160,[sFx-SRE-PREPROD-USW-AWS/ApplicationELB-891377170567]-SmartSignal,False,PREPROD,USW,AWS/ApplicationELB,891377170567,SmartSignal,2,1,1,ServiceNow,2026-02-12
2026-02-12,179,[sFx-SRE-PROD-USW-AWS/ApplicationELB-700916857240]-IAM,False,PROD,USW,AWS/ApplicationELB,700916857240,IAM,2,1,1,ServiceNow,2026-02-12
2026-02-12,179,[sFx-SRE-PROD-USW-AWS/ApplicationELB-159310808016]-APM-M,False,PROD,USW,AWS/ApplicationELB,159310808016,APM-M,2,1,1,ServiceNow,2026-02-12
2026-02-12,179,[sFx-SRE-PROD-EUC-AWS/ApplicationELB-756641539810]-UOM,False,PROD,EUC,AWS/ApplicationELB,756641539810,UOM,2,1,1,ServiceNow,2026-02-12
2026-02-12,179,[sFx-SRE-PREPROD-USW-AWS/ApplicationELB-816857971392]-Apphub,False,PREPROD,USW,AWS/ApplicationELB,816857971392,Apphub,2,1,1,ServiceNow,2026-02-12
2026-02-12,179,[sFx-SRE-PROD-USW-AWS/ApplicationELB-816857971392]-EdgeManager,False,PROD,USW,AWS/ApplicationELB,816857971392,EdgeManager,2,1,1,ServiceNow,2026-02-12
2026-02-12,179,[sFx-SRE-PROD-EUC-AWS/ApplicationELB-756641539810]-AppHub,False,PROD,EUC,AWS/ApplicationELB,756641539810,AppHub,2,1,1,ServiceNow,2026-02-12
2026-02-12,179,[sFx-SRE-PROD-USW-AWS/ApplicationELB-816857971392]-UOM,False,PROD,USW,AWS/ApplicationELB,816857971392,UOM,2,1,1,ServiceNow,2026-02-12
2026-02-12,179,[sFx-SRE-PROD-EUC-AWS/ApplicationELB-756641539810]-EdgeManager,False,PROD,EUC,AWS/ApplicationELB,756641539810,EdgeManager,2,1,1,ServiceNow,2026-02-12
2026-02-12,179,[sFx-SRE-PROD-USW-AWS/ApplicationELB-816857971392]-Apphub,False,PROD,USW,AWS/ApplicationELB,816857971392,Apphub,2,1,1,ServiceNow,2026-02-12
2026-02-12,179,[sFx-SRE-PROD-USW-AWS/ApplicationELB-700916857240]-TMS,False,PROD,USW,AWS/ApplicationELB,700916857240,TMS,2,1,1,ServiceNow,2026-02-12
2026-02-10,181,[sFx-SRE-PROD-EUC-K8Services-555031161167]-APM-M,False,PROD,EUC,K8Services,555031161167,APM-M,12,3,9,ServiceNow,2026-02-10
2026-02-09,182,[sFx-SRE-PROD-EUC-AWS/ApplicationELB-975050297255]-SmartSignal,False,PROD,EUC,AWS/ApplicationELB,975050297255,SmartSignal,2,1,1,ServiceNow,2026-02-09
2026-02-09,182,[sFx-SRE-PROD-USW-AWS/ApplicationELB-700916857240]-Audit,False,PROD,USW,AWS/ApplicationELB,700916857240,Audit,2,1,1,ServiceNow,2026-02-09
2026-02-09,182,[sFx-SRE-PROD-USW-AWS/ApplicationELB-399957848812]-TimeSeries,False,PROD,USW,AWS/ApplicationELB,399957848812,TimeSeries,2,1,1,ServiceNow,2026-02-09
2026-02-09,182,[sFx-SRE-PREPROD-USW-AWS/ApplicationELB-159310808016]-APM-M,False,PREPROD,USW,AWS/ApplicationELB,159310808016,APM-M,2,1,1,ServiceNow,2026-02-09
2026-02-09,182,[sFx-SRE-PROD-EUC-AWS/ApplicationELB-555031161167]-APM-M,False,PROD,EUC,AWS/ApplicationELB,555031161167,APM-M,2,1,1,ServiceNow,2026-02-09
2026-02-09,182,[sFx-SRE-PROD-EUC-AWS/ApplicationELB-460147993799]-TimeSeries,False,PROD,EUC,AWS/ApplicationELB,460147993799,TimeSeries,2,1,1,ServiceNow,2026-02-09
2026-02-09,182,[sFx-SRE-PROD-EUC-AWS/ApplicationELB-381492194144]-TMS,False,PROD,EUC,AWS/ApplicationELB,381492194144,TMS,2,1,1,ServiceNow,2026-02-09
2026-02-09,182,[sFx-SRE-PROD-EUC-AWS/ApplicationELB-381492194144]-IAM,False,PROD,EUC,AWS/ApplicationELB,381492194144,IAM,2,1,1,ServiceNow,2026-02-09
2026-02-09,182,[sFx-SRE-PROD-EUC-AWS/ApplicationELB-381492194144]-Audit,False,PROD,EUC,AWS/ApplicationELB,381492194144,Audit,2,1,1,ServiceNow,2026-02-09
2025-11-08,275,[sFx-SRE-PROD-EUC-K8Services-975050297255]-SmartSignal-Tenant,False,PROD,EUC,K8Services,975050297255,SmartSignal-Tenant,2,0,2,ServiceNow,2025-02-07
2025-08-04,371,[sFx-SRE-PROD-EUC-AWS/RDS-756641539810]-APPHUB,False,PROD,EUC,AWS/RDS,756641539810,APPHUB,15,5,10,ServiceNow,2025-07-24
